id,name,model_id:id,group_id:id,perm_read,perm_write,perm_create,perm_unlink
access_poseidon_mapping_decision_user,poseidon.mapping.decision user,model_poseidon_mapping_decision,base.group_user,1,0,0,0
access_poseidon_mapping_decision_account_manager,poseidon.mapping.decision account manager,model_poseidon_mapping_decision,account.group_account_manager,1,1,1,0
access_poseidon_mapping_decision_qbo_manager,poseidon.mapping.decision qbo manager,model_poseidon_mapping_decision,qbo_bridge.group_qbo_bridge_manager,1,1,1,0
access_poseidon_mapping_decision_admin,poseidon.mapping.decision admin,model_poseidon_mapping_decision,base.group_system,1,1,1,1
access_poseidon_mapping_propagation_user,poseidon.mapping.propagation user,model_poseidon_mapping_propagation,base.group_user,1,0,0,0
access_poseidon_mapping_propagation_account_manager,poseidon.mapping.propagation account manager,model_poseidon_mapping_propagation,account.group_account_manager,1,1,1,0
access_poseidon_mapping_propagation_qbo_manager,poseidon.mapping.propagation qbo manager,model_poseidon_mapping_propagation,qbo_bridge.group_qbo_bridge_manager,1,1,1,0
access_poseidon_mapping_propagation_admin,poseidon.mapping.propagation admin,model_poseidon_mapping_propagation,base.group_system,1,1,1,1
access_poseidon_mapping_propagation_line_user,poseidon.mapping.propagation.line user,model_poseidon_mapping_propagation_line,base.group_user,1,0,0,0
access_poseidon_mapping_propagation_line_account_manager,poseidon.mapping.propagation.line account manager,model_poseidon_mapping_propagation_line,account.group_account_manager,1,1,1,0
access_poseidon_mapping_propagation_line_qbo_manager,poseidon.mapping.propagation.line qbo manager,model_poseidon_mapping_propagation_line,qbo_bridge.group_qbo_bridge_manager,1,1,1,0
access_poseidon_mapping_propagation_line_admin,poseidon.mapping.propagation.line admin,model_poseidon_mapping_propagation_line,base.group_system,1,1,1,1
access_poseidon_mapping_propagation_wizard_user,poseidon.mapping.propagation.wizard user,model_poseidon_mapping_propagation_wizard,base.group_user,1,1,1,1
